{"val_loss": [0.4606018367409706, 0.4319514533132315, 0.33432747911661864, 0.31132559273391963, 0.3065257978066802, 0.3209516922011971, 0.2992188038304448, 0.27794870812445877, 0.26163643730804326, 0.27389722257852556, 0.2318869225680828, 0.27487188134342433, 0.2243912336905487, 0.21632123132236303, 0.22133108098991217, 0.2220380630530417, 0.23488178686238825, 0.22561716430354864, 0.22397780810657422, 0.21563369418960066], "val_acc": [0.8220607376098633, 0.7961297225952149, 0.8534997940063477, 0.869595947265625, 0.8715623474121094, 0.8544443130493165, 0.8750870895385742, 0.8829607772827148, 0.8940498733520508, 0.8895731735229492, 0.9065957260131836, 0.8919538116455078, 0.9118010330200196, 0.91395751953125, 0.9113348007202149, 0.9110438919067383, 0.9059047317504882, 0.9092179870605469, 0.9147456359863281, 0.9123713302612305], "val_tf_jaccard": [0.28560172418135626, 0.1585456730708888, 0.3959745355179215, 0.4337236065501397, 0.4506747188599997, 0.45985675407572657, 0.44636669325154493, 0.5255475453924527, 0.5318543568570591, 0.4826341339896693, 0.5725305741265406, 0.5461667054686732, 0.6278833664952936, 0.599216224099318, 0.5699418128682979, 0.6184935197670786, 0.5709917391361883, 0.594439740697348, 0.6145561851774569, 0.6044291397491409], "val_tf_dice": [0.41283809785027786, 0.22504279715801354, 0.5279026211393993, 0.5667413226099491, 0.583260923112629, 0.5934638219877755, 0.5874672427392723, 0.6542960827072952, 0.6572928507944569, 0.613858708373357, 0.6898303189303104, 0.6673521873404159, 0.7437600028298571, 0.7113465165778489, 0.6841283756473338, 0.7313001454268404, 0.6917624884038497, 0.7126377591939389, 0.7287391280488633, 0.7168681593926161], "loss": [0.4789503330364823, 0.39747387371957305, 0.345398382069543, 0.31425242686178534, 0.2979842674266547, 0.2703654890554026, 0.2528694174718112, 0.24080497972434386, 0.22867651120061055, 0.2093288692086935, 0.21640636724652723, 0.20129917818703688, 0.19002976816846057, 0.1748505622308585, 0.18419589209661352, 0.16173511812346988, 0.15498872335010674, 0.1720149011374451, 0.1521194072405342, 0.13820245424052702], "acc": [0.8157749748229981, 0.8421605682373047, 0.8574911689758301, 0.8726913261413575, 0.8815753555297852, 0.8906519508361816, 0.8986253547668457, 0.905050048828125, 0.9108164787292481, 0.9207083702087402, 0.915870475769043, 0.9217058372497559, 0.926055850982666, 0.9320281219482421, 0.9282134819030762, 0.9371356010437012, 0.9402087593078613, 0.9336043167114257, 0.940546817779541, 0.9460751724243164], "tf_jaccard": [0.0993542162193, 0.2649130606412053, 0.3051459792527099, 0.38830048042254317, 0.4404131641076459, 0.47888370159504084, 0.5262570367464328, 0.5497349911415608, 0.5739173475801568, 0.6022313860222839, 0.5813954502788944, 0.6020572294263995, 0.632068782689498, 0.6471469144787757, 0.6325960271448112, 0.6656543235385736, 0.6764390125922007, 0.6508635398288872, 0.6840573654445834, 0.7063678262802436], "tf_dice": [0.14812227676676804, 0.3823294090289929, 0.43356048836805994, 0.5254656073648557, 0.5797621299921358, 0.6172869861947611, 0.6629401430417974, 0.6855614138943917, 0.7063384333708264, 0.7282071742950558, 0.7101244993961692, 0.7276075256492999, 0.7550564807578206, 0.7655963110051563, 0.7520008932756224, 0.7794235766254585, 0.7874368866248241, 0.7664879169267113, 0.7934205390986832, 0.8101775833767008]}