{"val_loss": [0.5438661514222622, 0.530678642988205, 0.5229293452203274, 0.547178573012352, 0.5286662766337394, 0.5216374479234218, 0.5178221929073333, 0.5505963187664747, 0.5196463418006897, 0.5541719441860914, 0.5289856871217489, 0.5209503361582756, 0.5116984266042709, 0.5225235079228878, 0.5120473866164684, 0.5067492447793484, 0.5113230016082525, 0.5611013573408127, 0.5036125834286213, 0.5365380507707596], "val_acc": [0.7764913177490235, 0.7764913177490235, 0.7764913177490235, 0.7764913177490235, 0.7764913177490235, 0.7764913177490235, 0.7764913177490235, 0.7764913177490235, 0.7764913177490235, 0.7764913177490235, 0.7764913177490235, 0.7764913177490235, 0.7764913177490235, 0.7764913177490235, 0.7764913177490235, 0.7764913177490235, 0.7706490325927734, 0.7765662384033203, 0.7765085983276367, 0.742777214050293], "val_tf_jaccard": [0.09, 0.09, 0.09, 0.09, 0.09, 0.09, 0.09, 0.09, 0.09, 0.09, 0.09, 0.09, 0.09, 0.09, 0.09, 0.09, 0.09324188523554025, 0.09045855675227298, 0.08007957911489616, 0.1639861882287402], "val_tf_dice": [0.09, 0.09, 0.09, 0.09, 0.09, 0.09, 0.09, 0.09, 0.09, 0.09, 0.09, 0.09, 0.09, 0.09, 0.09, 0.09, 0.15998491556892053, 0.0909111257351364, 0.08015837450774864, 0.26476229340188284], "loss": [0.5303431004472077, 0.4992733010649681, 0.4870250599831343, 0.4814911108464003, 0.48278023093938827, 0.4795926383882761, 0.48882057905197146, 0.47598655227571723, 0.4773819628357887, 0.47871437773108483, 0.47273783706128597, 0.4720035104453564, 0.4712927685678005, 0.4731125974282622, 0.4633336474373937, 0.45065082505345344, 0.446421951726079, 0.44013349901884796, 0.43422635335475207, 0.41786569051444533], "acc": [0.8067750740051269, 0.8090559005737304, 0.8090559005737304, 0.8090559005737304, 0.8090559005737304, 0.8090559005737304, 0.8090559005737304, 0.8090559005737304, 0.8090559005737304, 0.8090559005737304, 0.8090559005737304, 0.8090559005737304, 0.8090559005737304, 0.8090559005737304, 0.8090548515319824, 0.8090899276733399, 0.810204200744629, 0.807270278930664, 0.8099170303344727, 0.8147170257568359], "tf_jaccard": [0.02571619465122586, 0.025, 0.025, 0.025, 0.025, 0.025, 0.025, 0.025, 0.025, 0.025, 0.025, 0.025, 0.025, 0.025, 0.02505140689150812, 0.02783541551819624, 0.049184062156067604, 0.06050488915107821, 0.06323616341723491, 0.09121287296790129], "tf_dice": [0.026344749529059203, 0.025, 0.025, 0.025, 0.025, 0.025, 0.025, 0.025, 0.025, 0.025, 0.025, 0.025, 0.025, 0.025, 0.025102309500588577, 0.03034337179852317, 0.06755417248458227, 0.08845406430228758, 0.09334911861877522, 0.14206998077269162]}