{"val_loss": [0.479573844820261, 0.3738497085496783, 0.3928589859046042, 0.3043047756701708, 0.381018481105566, 0.28398549059405925, 0.2883895385544747, 0.27379740902688354, 0.25595475468784573, 0.2648062488459982, 0.25465063300915064, 0.24739175571594388, 0.23241963519947603, 0.222765146875754, 0.21119019851321355, 0.22388188112527133, 0.2537618893547915, 0.22678832867299206, 0.2145262380829081, 0.21852924892213196], "val_acc": [0.7812803268432618, 0.8273590469360351, 0.8044631576538086, 0.8702299499511719, 0.8127470397949219, 0.8868563461303711, 0.8845020294189453, 0.8904191589355469, 0.8977777099609375, 0.8955708694458008, 0.8991656494140625, 0.8942435073852539, 0.9113528823852539, 0.9093529510498047, 0.9146963119506836, 0.9122075653076172, 0.9006094741821289, 0.9079480361938477, 0.9203202819824219, 0.9095651626586914], "val_tf_jaccard": [0.08817659435002985, 0.38703750498313205, 0.18978808188542215, 0.46236729761930734, 0.39983373490245905, 0.4851501485417738, 0.5005906799031797, 0.4975267654466377, 0.547084488323761, 0.5280693771278856, 0.5432212191142255, 0.5462287857335254, 0.5966601938751338, 0.5765159532775164, 0.5939963472176961, 0.5859470273000876, 0.5576650058367278, 0.5671291633175395, 0.6183064488614436, 0.5985592899010258], "val_tf_dice": [0.11133291842164952, 0.5212954971856257, 0.2708594684096639, 0.5959627901056931, 0.5356136681657548, 0.6164640526246635, 0.6321719860992594, 0.627003531129796, 0.6726236790635918, 0.6573332111387827, 0.6704088941168197, 0.6657445592721035, 0.7137643088806809, 0.6892303847592071, 0.7067288485288636, 0.7017240759987722, 0.682110039108081, 0.690449601943061, 0.7276439447031211, 0.7111377342798846], "loss": [0.5138933560624719, 0.3737183347065002, 0.3535378926061094, 0.32038331164978445, 0.28708458242937923, 0.26521454163827, 0.25485734079498795, 0.24456700803013517, 0.22893293230910786, 0.20855894940672443, 0.22223957194015384, 0.20190534961177037, 0.19389838231320028, 0.17755870385095476, 0.17291363214026206, 0.19072299745224883, 0.16892624378553592, 0.15881707340508, 0.15238846772932446, 0.13979418906383217], "acc": [0.8025251197814941, 0.8443307876586914, 0.8481925010681153, 0.865859432220459, 0.8868359184265137, 0.8967255783081055, 0.9025553703308106, 0.9058964347839356, 0.9124492835998536, 0.9215812110900878, 0.9158551216125488, 0.9212588691711425, 0.9292926025390625, 0.9324328422546386, 0.9331594467163086, 0.9243598937988281, 0.9350610733032226, 0.9386661148071289, 0.9418227195739746, 0.9461225128173828], "tf_jaccard": [0.08982565972247522, 0.2808848552908135, 0.3162989547224012, 0.3636198371072865, 0.4647958148121864, 0.5113797285776435, 0.5325778942140225, 0.5647327494498884, 0.5728851370774615, 0.61075288418619, 0.6008974675039482, 0.609874373136638, 0.6391316713647348, 0.6533400732173156, 0.6511445047675503, 0.6292200615284487, 0.6535395160377973, 0.6774411277509792, 0.6823082524511905, 0.70800760594649], "tf_dice": [0.1306098349708423, 0.39979577756382184, 0.44554291622835174, 0.4992044263592505, 0.6052064267875893, 0.6486293857659808, 0.6698620481451275, 0.6996423891369187, 0.7037815190734544, 0.737117769804203, 0.7287408135094329, 0.7347454644358422, 0.7588915143132858, 0.7708170136238854, 0.7683234973971157, 0.7491637918050827, 0.7686367339100899, 0.7895554647486857, 0.7917879235467755, 0.8135978331851106]}