{"val_loss": [0.40819280825555326, 0.3481541447713971, 0.3362312191538513, 0.3240739737264812, 0.33659721988718955, 0.29504667583853006, 0.298503521066159, 0.2658766745962203, 0.2523294234042987, 0.24155970786698164, 0.2401332486839965, 0.21784672553651035, 0.22301953189540655, 0.22965001709759236, 0.21609980726381764, 0.21973713576793671, 0.23289611095329746, 0.2229789592884481, 0.23704266833839938, 0.23575392520288005], "val_acc": [0.8057421875, 0.8543515777587891, 0.8593157577514648, 0.8685214614868164, 0.8533609008789063, 0.8755629348754883, 0.8768362426757812, 0.8953168106079101, 0.9021741104125977, 0.9043004989624024, 0.9052248764038086, 0.913144302368164, 0.9135383605957031, 0.9105801773071289, 0.9166259765625, 0.9144953918457032, 0.9091839218139648, 0.9153717422485351, 0.9108924484252929, 0.9065301895141602], "val_tf_jaccard": [0.17681434422407122, 0.3941579230337519, 0.39840652102735286, 0.42118172145045535, 0.3700031755562886, 0.4818701426144942, 0.4471117396930237, 0.523643153812952, 0.5417869447024195, 0.5663126322780506, 0.5575718841093569, 0.600147488286175, 0.5980396888452194, 0.5756946885158992, 0.6150122819161663, 0.5958904817186809, 0.5996658238244824, 0.6262648973301481, 0.5912269645277994, 0.5729709159919447], "val_tf_dice": [0.26254835880929006, 0.5277947397293304, 0.5321203470825221, 0.5534103285836383, 0.5038652388871653, 0.615529431500971, 0.5855549432570986, 0.6499413333719741, 0.665339808586674, 0.6842027976454392, 0.682150050073838, 0.7135077437004764, 0.7128973790810346, 0.6905074405838186, 0.7283375701963568, 0.7080341242934959, 0.7147063812145932, 0.7392802411803262, 0.7099222377942483, 0.6964826776209522], "loss": [0.509875782225281, 0.37749460930004713, 0.35713352367281914, 0.32849933160003275, 0.2911647088918835, 0.26783340093679725, 0.26251684117596596, 0.23384976086439566, 0.2169606755510904, 0.20339224332361483, 0.20176074016373605, 0.18881823163013906, 0.19027503782883287, 0.18335499763081317, 0.1681428448855877, 0.1526384518222767, 0.15335998687543906, 0.15918821893399582, 0.13093893280398333, 0.13813647002301876], "acc": [0.8040557479858399, 0.839408073425293, 0.854860954284668, 0.8659540367126465, 0.8865037345886231, 0.8970984649658204, 0.8971833992004394, 0.9116034698486328, 0.9185002326965332, 0.9227619361877442, 0.9219002914428711, 0.9291973495483399, 0.9277059364318848, 0.9285221290588379, 0.9351721954345703, 0.9411282730102539, 0.9416117858886719, 0.9378215599060059, 0.9493897628784179, 0.9465478897094727], "tf_jaccard": [0.04100877197115283, 0.2584150860909984, 0.30661262954444185, 0.3427335682958901, 0.46540736545102773, 0.5002633591396648, 0.5133593193880027, 0.570807458480858, 0.6012375145351697, 0.6155866770669199, 0.613018270876341, 0.6443562320655125, 0.6382762689128672, 0.637598129034642, 0.6658189007685335, 0.6877024048940424, 0.6854108780508232, 0.67419755834461, 0.7172945156866277, 0.7073341493130253], "tf_dice": [0.06267309821983351, 0.37143112581839793, 0.43437119009711567, 0.47040041799068244, 0.606627515866411, 0.64180328680443, 0.6534810354617272, 0.704490525748158, 0.729790847029945, 0.7412383402565283, 0.7381250752795583, 0.7650676499898457, 0.7606262461871042, 0.7586064860367301, 0.782513697337993, 0.7988140451630278, 0.7937472142772692, 0.7870606677691374, 0.8194684945192854, 0.8114374559614339]}