{"val_loss": [0.5568671670556068, 0.5050793190300464, 0.49740898102521897, 0.47099401950836184, 0.5118460667133331, 0.46895778231322766, 0.467684688270092, 0.44155694568529724, 0.37704330930486324, 0.3589065645262599, 0.33122927995398643, 0.3643033054843545, 0.345937696415931, 0.3317201276309788, 0.33750159380957484, 0.32603513831272724, 0.3643146008439362, 0.3519459445308894, 0.36616356020793317, 0.38363149121403695], "val_acc": [0.7764913177490235, 0.7764913177490235, 0.7764913177490235, 0.7764913177490235, 0.7765395355224609, 0.7769418334960938, 0.7764913177490235, 0.8259009933471679, 0.8404164505004883, 0.8506307601928711, 0.8609562301635743, 0.840984115600586, 0.851517219543457, 0.8699609756469726, 0.8710837936401368, 0.8599950790405273, 0.857402458190918, 0.868300666809082, 0.8730403518676758, 0.8731735610961914], "val_tf_jaccard": [0.09, 0.09, 0.09, 0.09, 0.08047059119927798, 0.07253702365633381, 0.09000025069568052, 0.31817675205029505, 0.35017454321761654, 0.38841292291194685, 0.4531321307483577, 0.33220547172837783, 0.3864121064639366, 0.4488523348884123, 0.4626320413923979, 0.4702567547897592, 0.39337053087049567, 0.43224342586149717, 0.45752522899154724, 0.45339321617185246], "val_tf_dice": [0.09, 0.09, 0.09, 0.09, 0.08092913646607997, 0.07501642728125436, 0.09000050137879168, 0.4496109975212467, 0.48500104137928296, 0.5252716597205592, 0.588099210479203, 0.46061743110011305, 0.5226986103744209, 0.5827388378441775, 0.5958071073553867, 0.602997338579263, 0.5265987981772646, 0.5648549482226239, 0.5878982447055525, 0.5839747376298674], "loss": [0.5377254825085401, 0.4988578239828348, 0.468617530092597, 0.4626241798326373, 0.42663352757692335, 0.4216732083633542, 0.39374622866511344, 0.37081770664080976, 0.34442329045850784, 0.30402050221338867, 0.2922944622393697, 0.28489523551426826, 0.2791578395059332, 0.2450328518822789, 0.2173397952830419, 0.20735184298129752, 0.19515330894151703, 0.1761674938350916, 0.16868196552386508, 0.15075703526032158], "acc": [0.8090517425537109, 0.8090559005737304, 0.8090558815002441, 0.8089720344543457, 0.805132064819336, 0.8129742431640625, 0.8178728866577148, 0.8315818405151367, 0.8473756027221679, 0.8698928260803223, 0.8772466659545899, 0.8801999092102051, 0.8852236938476562, 0.9001199531555176, 0.9126908874511719, 0.9175315856933594, 0.9227775955200195, 0.9305225181579589, 0.9329975700378418, 0.9402730941772461], "tf_jaccard": [0.02500360413920883, 0.025, 0.025, 0.02525685230750454, 0.08245982960554814, 0.08922837603514389, 0.16860899193736928, 0.23642891531445276, 0.3361853792440047, 0.4101582222186348, 0.43567299864939507, 0.4609279281013863, 0.4627647318704306, 0.5202991798036676, 0.5668985841391764, 0.5913014609012657, 0.6018148984590895, 0.631621454710584, 0.6423423231082762, 0.6739550907120322], "tf_dice": [0.025007205471290907, 0.025, 0.025, 0.025500483480899727, 0.12779934564761217, 0.13224393024069114, 0.25763904474909366, 0.34628091392686483, 0.47849172751500485, 0.5588140621551378, 0.581241738582235, 0.6012665589930036, 0.6080271921731637, 0.6598978554312243, 0.7003883033288761, 0.7219606670662057, 0.7285836648476166, 0.7515266775650169, 0.7614205506185343, 0.7855105779616105]}