{"val_loss": [0.1501687504351139, 0.13655262850224972, 0.1003554431721568, 0.10147861875593663, 0.09037938956171274, 0.09018065356649459, 0.09697412298992276, 0.07226228127256036, 0.07179712951183319, 0.06746638799086213, 0.08817704045213759, 0.0709550516679883, 0.0877886692993343, 0.07256228476762772, 0.08409816632047296, 0.06640720423310995, 0.07735896119847893, 0.06709936987608671, 0.07822800893336535, 0.11904962197877467], "val_acc": [0.9288406372070312, 0.9288848876953125, 0.9539936065673829, 0.9643192291259766, 0.965911865234375, 0.9613082885742188, 0.960116195678711, 0.9740314483642578, 0.9712482452392578, 0.9739444732666016, 0.9642051696777344, 0.9732063293457032, 0.9646537780761719, 0.9724555969238281, 0.9700820922851563, 0.9775306701660156, 0.9688392639160156, 0.9722713470458985, 0.9679710388183593, 0.9621952056884766], "val_tf_jaccard": [0.01412626400777039, 0.016799197060154127, 0.5074950154960384, 0.5811610636644418, 0.5902324281556852, 0.5312558448167242, 0.42329973078793354, 0.5873457428465528, 0.5551203208967246, 0.6162210125554466, 0.5280006005973981, 0.5835850806182876, 0.44344146132487905, 0.5688007809299799, 0.5572724153312631, 0.6421455263818864, 0.5314129357568441, 0.5507038032663515, 0.572849435918725, 0.47350905290576806], "val_tf_dice": [0.026389923835465533, 0.031079403614732493, 0.61568144896033, 0.6963345116298069, 0.6878890007133271, 0.6364498350549628, 0.5350549307196574, 0.6861484889877498, 0.6540104996744485, 0.7015888510409343, 0.6309914378886564, 0.6759728223931355, 0.5479687175817569, 0.6601664714431947, 0.6502463799347464, 0.7200121238435802, 0.6274592942509009, 0.6437325177764366, 0.6647164596185717, 0.5777072128631446], "loss": [0.34326789461076257, 0.19779415637254716, 0.17602656323462726, 0.15158305844292044, 0.17312386782839895, 0.14922395784407855, 0.12171632776968182, 0.10305076912045479, 0.12036772679537534, 0.09416823825798928, 0.08519113147631288, 0.08524500463157893, 0.09935912342742086, 0.09611259689554572, 0.0718691420648247, 0.06990612466819585, 0.07595181759446859, 0.06917833562940359, 0.07083249624818563, 0.07715287097729742], "acc": [0.9013333129882812, 0.9129032897949219, 0.9171086120605468, 0.9323185729980469, 0.9192335510253906, 0.9343445587158203, 0.9523951721191406, 0.9582553100585938, 0.9586350250244141, 0.9607648468017578, 0.9662929534912109, 0.9657691192626953, 0.9606954956054687, 0.961642074584961, 0.9694939422607421, 0.9707141876220703, 0.9719789886474609, 0.9702115631103516, 0.9705370330810547, 0.9696887969970703], "tf_jaccard": [0.009306675124571437, 0.15221845901004655, 0.27163239694750246, 0.5548919052256673, 0.41576787840675294, 0.46637574003321774, 0.610510779814312, 0.6378774293367483, 0.6450742246589064, 0.6553840242758843, 0.671095727468854, 0.6837396777469703, 0.6495742006689192, 0.6264649925252247, 0.7039786449243125, 0.6943161343853863, 0.7130197158340494, 0.6983086928810782, 0.7065091537168549, 0.6997476846612465], "tf_dice": [0.0157745618977065, 0.2070588201612014, 0.36252631650581985, 0.6747889320595966, 0.5347119361216793, 0.5880162212734933, 0.7240892577692861, 0.7491801663172724, 0.7509563829827957, 0.7597806316324807, 0.7733702072607787, 0.782918074217176, 0.7545425928634341, 0.7416805329473795, 0.8005720660444041, 0.7933241335645981, 0.8051950105665533, 0.7946935671964408, 0.8046590219289179, 0.7990375179771836]}