{"val_loss": [0.12283253259956836, 0.09356510378420353, 0.07567845629528165, 0.08058345215395094, 0.09155076462775469, 0.06586759854108096, 0.08751269821077585, 0.08511718576774001, 0.07628878764808178, 0.06413153894245624, 0.06166900293901563, 0.06642131395637989, 0.05979063119739294, 0.0698682175949216, 0.11184020321816206, 0.057183270901441575, 0.06068781092762947, 0.05621831882745028, 0.061661289911717175, 0.052093904465436935], "val_acc": [0.9289947509765625, 0.9652488708496094, 0.9718029022216796, 0.9685451507568359, 0.9621646881103516, 0.9766048431396485, 0.9611263275146484, 0.9662105560302734, 0.9699268341064453, 0.9765251159667969, 0.9796241760253906, 0.9756317138671875, 0.9805702209472656, 0.9802776336669922, 0.9657352447509766, 0.9786663055419922, 0.9768474578857422, 0.9803966522216797, 0.9779083251953125, 0.9823421478271485], "val_tf_jaccard": [0.009641443142788976, 0.5107532055994982, 0.6194399049398265, 0.5498475253465025, 0.42709992569792743, 0.6901455237630809, 0.40044254392643025, 0.494787852107015, 0.574729605666601, 0.6748057661681665, 0.7098322407696556, 0.6668275266976849, 0.7250725747448229, 0.7121949116880442, 0.502734450688133, 0.7011083726356799, 0.6634686543897598, 0.7214659128826808, 0.6736457118123227, 0.7244057481249029], "val_tf_dice": [0.01885646154595618, 0.6380021753387053, 0.725507907117122, 0.6722849862988409, 0.5636084373982914, 0.7756106573422331, 0.5357712440495217, 0.6255041115349933, 0.6908424353936835, 0.7630806270835826, 0.7877111713227434, 0.757426245152434, 0.797892084708082, 0.7889999458782809, 0.6294886005658543, 0.7818910412574098, 0.7559224088275627, 0.7957853874795875, 0.759569962783799, 0.796421894082906], "loss": [0.3417191265523434, 0.16467090191319586, 0.14605031341314315, 0.14337746873497964, 0.12429461093619466, 0.11962357066571712, 0.13693384231999517, 0.11575407037511468, 0.10624343134462834, 0.10075975423678755, 0.09424244543537498, 0.10000477710738778, 0.08740084953606128, 0.11151849484071136, 0.09464130334556103, 0.108590292846784, 0.09761149173602462, 0.08756734699010849, 0.0839808555226773, 0.07924902128055691], "acc": [0.8982870483398437, 0.9338915252685547, 0.9449464416503907, 0.9442134857177734, 0.9498749542236328, 0.9519308471679687, 0.9469358825683594, 0.9557964324951171, 0.9565895080566407, 0.9610362243652344, 0.9654566955566406, 0.9596150970458984, 0.9673502349853516, 0.9621750640869141, 0.9652201843261718, 0.9611515808105469, 0.9626058959960937, 0.9674322509765625, 0.9682423400878907, 0.9685975646972657], "tf_jaccard": [0.07847988249475552, 0.3726905913747005, 0.5638012928023672, 0.5590992844141577, 0.6063611508547971, 0.6196020816086114, 0.5280617966933756, 0.6266265587388103, 0.6347113983140144, 0.6581000286766343, 0.6869766548306373, 0.6617558409344795, 0.6982682009218784, 0.6531000520056722, 0.6745401019183929, 0.6530136423220734, 0.6731908325092262, 0.7026859944980994, 0.6913754334170769, 0.706798631576125], "tf_dice": [0.11782494057418104, 0.48355974929966694, 0.6858421817600011, 0.6742542770622879, 0.7227875220305406, 0.7337595149074936, 0.6480529842400329, 0.7394331715993998, 0.7451455371086828, 0.7633948382696206, 0.7870663229895637, 0.76969008825486, 0.7986287899177831, 0.7620757766197507, 0.7818112315570354, 0.7590037643924558, 0.7743994824252429, 0.7992703931641639, 0.7951508828078032, 0.8052534571471274]}