{"val_loss": [0.16614120937883853, 0.10462519880384206, 0.09518243744969368, 0.12316733337938786, 0.10839933566749096, 0.08137085568159819, 0.09807096403092146, 0.09440614120103419, 0.06754589676856995, 0.0826043619774282, 0.09580553388223052, 0.07257820852100849, 0.0727040996775031, 0.057037686370313166, 0.06361405737698078, 0.06735288011841475, 0.05693300049751997, 0.05817336738109589, 0.05093093952164054, 0.05434698974713683], "val_acc": [0.9280136108398438, 0.9337917327880859, 0.9644363403320313, 0.9304584503173828, 0.9766429901123047, 0.9708137512207031, 0.9650562286376954, 0.9661949157714844, 0.9758007049560546, 0.9698402404785156, 0.948000717163086, 0.9755271911621094, 0.9795986175537109, 0.9798828125, 0.9794502258300781, 0.9787967681884766, 0.9821414947509766, 0.9804100036621094, 0.9830860137939453, 0.9831691741943359], "val_tf_jaccard": [0.0, 0.10743427567967907, 0.48422818962040226, 0.05002023374941651, 0.7095299796954796, 0.6149197495451868, 0.5783193559819014, 0.4779266568141587, 0.6111846772940404, 0.5637375278647747, 0.28491604455373015, 0.6607959787897195, 0.6872564873226628, 0.6899332980487871, 0.6532544480248832, 0.6240601779599848, 0.7024680774127312, 0.6917417988837528, 0.6863416975251777, 0.7010643323308408], "val_tf_dice": [0.0, 0.1721286723612243, 0.6110184923103873, 0.08272506771128445, 0.7886250577868243, 0.716812214287729, 0.6669469690990082, 0.5871657990864378, 0.7142370295988154, 0.6769199078169156, 0.397146354162153, 0.7515947002868149, 0.7727248714433832, 0.7738741771920008, 0.74659409267765, 0.722426550742344, 0.7812009482552048, 0.7729013856840135, 0.7703469467550156, 0.7786099683292327], "loss": [0.3969788887351751, 0.18723830061033367, 0.17022917050868272, 0.14976133596152066, 0.15034438848495482, 0.1398475842922926, 0.1191222839616239, 0.11544757641851902, 0.14400863703340291, 0.1415494983829558, 0.12524511034600436, 0.1124449055828154, 0.10885864878073334, 0.10795480797998608, 0.09043535131961107, 0.07965050120837987, 0.07870540809817612, 0.08039549636654555, 0.06568188025616109, 0.06105959824286401], "acc": [0.903909912109375, 0.9042957305908204, 0.9259349822998046, 0.9361385345458985, 0.918276596069336, 0.9460044860839844, 0.9492510986328125, 0.9502622985839844, 0.95127197265625, 0.9443766021728516, 0.9463538360595704, 0.9566453552246094, 0.9575349426269532, 0.9615724182128906, 0.9648031616210937, 0.968646240234375, 0.9700627136230469, 0.9668058776855468, 0.9725494384765625, 0.974800033569336], "tf_jaccard": [2.7664585591984745e-05, 0.021103819784481854, 0.31186437734838324, 0.5294226735461657, 0.2691048466354862, 0.5844944492836455, 0.6142924828898993, 0.6245275695928677, 0.6143508888030237, 0.529851452375856, 0.5672576765587045, 0.6106368696339982, 0.6077483142466558, 0.6610826732281866, 0.6863519227318287, 0.690068400919231, 0.7117367619734545, 0.6848313215456636, 0.7075339525819748, 0.7370709342866083], "tf_dice": [5.5252743970730974e-05, 0.03393757593747496, 0.4272286971339123, 0.6447684707134377, 0.3479631682440726, 0.7051518120623729, 0.7299066329304347, 0.7342541128982896, 0.7271734612743154, 0.6468844870245043, 0.6834758726742614, 0.7271098471430186, 0.7254266441842627, 0.7695626753563094, 0.7895126158376408, 0.793662616469021, 0.8091173700773231, 0.7891539890384266, 0.8081312604653063, 0.8272498502650145]}