{"val_loss": [0.30468385815620425, 0.24673421382904054, 0.2324834406375885, 0.23471028730273247, 0.27777878791093824, 0.22334421873092652, 0.23190172016620636, 0.22643915712833404, 0.2269601732492447, 0.21998228877782822, 0.24420807063579558, 0.22558517009019852, 0.2260719746351242, 0.22913921177387236, 0.21569346711039544, 0.22960455864667892, 0.21097423434257506, 0.2256166860461235, 0.2190881408751011, 0.2160958841443062], "val_acc": [0.928009033203125, 0.9280136108398438, 0.9280136108398438, 0.9280136108398438, 0.9280136108398438, 0.9280136108398438, 0.9280136108398438, 0.9280136108398438, 0.9280136108398438, 0.9280136108398438, 0.9280136108398438, 0.9280136108398438, 0.9280136108398438, 0.9280136108398438, 0.9280136108398438, 0.9280136108398438, 0.9280136108398438, 0.9280136108398438, 0.9280136108398438, 0.9280136108398438], "val_tf_jaccard": [0.0, 0.0, 0.0, 0.0, 0.0, 0.0, 0.0, 0.0, 0.0, 0.0, 0.0, 0.0, 0.0, 0.0, 0.0, 0.0, 0.0, 0.0, 0.0, 0.0], "val_tf_dice": [0.0, 0.0, 0.0, 0.0, 0.0, 0.0, 0.0, 0.0, 0.0, 0.0, 0.0, 0.0, 0.0, 0.0, 0.0, 0.0, 0.0, 0.0, 0.0, 0.0], "loss": [0.4599219822883606, 0.28245601192116737, 0.26635018065571786, 0.25413035780191423, 0.27755411818623543, 0.2575956343114376, 0.2542708618938923, 0.25135081365704537, 0.24961416006088258, 0.2507257078588009, 0.25198780067265036, 0.25483735486865045, 0.25132759734988214, 0.24943152286112308, 0.2512452381849289, 0.24514821097254752, 0.25814732372760774, 0.24705379143357276, 0.2561536847054958, 0.2506449109315872], "acc": [0.8885617828369141, 0.9040057373046875, 0.9040102386474609, 0.9040102386474609, 0.9040102386474609, 0.9040102386474609, 0.9040102386474609, 0.9040102386474609, 0.9040102386474609, 0.9040102386474609, 0.9040102386474609, 0.9040102386474609, 0.9040102386474609, 0.9040102386474609, 0.9040102386474609, 0.9040102386474609, 0.9040102386474609, 0.9040102386474609, 0.9040102386474609, 0.9040102386474609], "tf_jaccard": [0.0041809848271390036, 1.141422212076247e-06, 0.0, 0.0, 0.0, 0.0, 0.0, 0.0, 0.0, 0.0, 0.0, 0.0, 0.0, 0.0, 0.0, 0.0, 0.0, 0.0, 0.0, 0.0], "tf_dice": [0.007230184913669158, 2.2827141471209266e-06, 0.0, 0.0, 0.0, 0.0, 0.0, 0.0, 0.0, 0.0, 0.0, 0.0, 0.0, 0.0, 0.0, 0.0, 0.0, 0.0, 0.0, 0.0]}