{"val_loss": [0.15837419889867305, 0.1403348997235298, 0.13754765801131724, 0.08261496629565954, 0.10407055681571364, 0.06009721755981445, 0.09516684571281075, 0.07025024108588696, 0.06885288432240486, 0.0635976368561387, 0.09591833800077439, 0.07412139661610126, 0.10556344296783209, 0.09071539649739861, 0.07102721100673079, 0.08484301269054413, 0.05346830822527408, 0.06249565752223134, 0.0565025151707232, 0.055889040697366], "val_acc": [0.9280136108398438, 0.9280254364013671, 0.9311485290527344, 0.9796901702880859, 0.9625946044921875, 0.9818225860595703, 0.95802001953125, 0.970212173461914, 0.9797340393066406, 0.9825531005859375, 0.9568252563476562, 0.9684486389160156, 0.9639732360839843, 0.9508949279785156, 0.9685073852539062, 0.9669010162353515, 0.9802700042724609, 0.9766899108886719, 0.9784839630126954, 0.9768257141113281], "val_tf_jaccard": [0.0, 0.0002694937819371188, 0.04538997009579045, 0.6868397812655769, 0.3817934646919481, 0.6595903607032494, 0.4150834610092321, 0.4921549329502085, 0.6364581061837146, 0.6920642225752618, 0.5303516870526648, 0.5514291487210813, 0.5051552654735014, 0.38818322903832414, 0.5798712283720123, 0.565315906239908, 0.6804987598076196, 0.6137223575179954, 0.6626551803886336, 0.6274661878448756], "val_tf_dice": [0.0, 0.0005383005858265509, 0.07999644486682066, 0.7757046907740361, 0.50408785423095, 0.7534239097448514, 0.5417648560426033, 0.6171075592713688, 0.7404956766496158, 0.7771624038591625, 0.6396619569681034, 0.660516817774834, 0.6116012104060132, 0.510928035972653, 0.6807626808856747, 0.6661430981623597, 0.766315322441284, 0.7065477168300253, 0.7513061781771712, 0.719751961698017], "loss": [0.4171545156091452, 0.18948631023988127, 0.16722905978560448, 0.15597464554011822, 0.1343210896104574, 0.12951792310923338, 0.10320666467770934, 0.10133635399863124, 0.10300137598067521, 0.09322545111179352, 0.15210238073021173, 0.12505085179582237, 0.09259020637720823, 0.12083318319171667, 0.09837187090888619, 0.09173341473564506, 0.08079242631793022, 0.07250602023676038, 0.075526465754956, 0.07774805774912238], "acc": [0.8685416412353516, 0.9200057220458985, 0.9328266906738282, 0.9398035430908203, 0.9524702453613281, 0.9543745422363281, 0.9645602416992187, 0.9628689575195313, 0.965588607788086, 0.9656517028808593, 0.9470033264160156, 0.9523674774169922, 0.9646429443359374, 0.9491496276855469, 0.9627979278564454, 0.9622956848144532, 0.9669242858886719, 0.9707667541503906, 0.9706694793701172, 0.9681954956054688], "tf_jaccard": [0.07979686224110909, 0.2534501754507156, 0.35908750299020675, 0.4516534320032396, 0.6248607935321732, 0.6297528212523793, 0.6593277914307581, 0.6544200556846315, 0.6605768015032996, 0.6506457076678609, 0.5409582047258997, 0.6145810770756411, 0.6720228047761054, 0.5563716544328468, 0.6619584971312773, 0.6594714156949045, 0.6780233439983536, 0.6969271202502665, 0.6945492621267182, 0.6928614815770676], "tf_dice": [0.11174949464673956, 0.33675540357042166, 0.4625075467452319, 0.5561853726571779, 0.7401243790366216, 0.7379571031448019, 0.7665396055284553, 0.7582882053726805, 0.7619389316190172, 0.7490332445210864, 0.6576417888331746, 0.7240050077195929, 0.7753584617205533, 0.6809082332970959, 0.7679075408265871, 0.7695149421812981, 0.7798637356885165, 0.7949530270411519, 0.7942183307974644, 0.7953002911944121]}