{"val_loss": [0.16650863885879516, 0.157047401368618, 0.2327138140797615, 0.1841021053493023, 0.18303903341293334, 0.1204445481300354, 0.16279621794819832, 0.13141878172755242, 0.13132819160819054, 0.12875040024518966, 0.11875904202461243, 0.11371516212821006, 0.10158314593136311, 0.10928293615579605, 0.14744289442896844, 0.126742572337389, 0.13895451053977012, 0.14060035422444345, 0.09558591730892659, 0.11363805755972863], "val_acc": [0.9280136108398438, 0.9280136108398438, 0.9304752349853516, 0.9289363861083985, 0.9327129364013672, 0.9380332946777343, 0.9400978088378906, 0.9394680023193359, 0.9397903442382812, 0.9396556854248047, 0.945431137084961, 0.9497116088867188, 0.9536808013916016, 0.955966567993164, 0.9412429809570313, 0.945538330078125, 0.946356201171875, 0.9530536651611328, 0.9564239501953125, 0.9570598602294922], "val_tf_jaccard": [0.0, 0.0, 0.153242732785491, 0.05026048761991834, 0.28055819907936186, 0.2554352234720256, 0.342612012919769, 0.29462314352569313, 0.4000979551877498, 0.40594048349968775, 0.3629982344226179, 0.42789556209741375, 0.43388570326015746, 0.4789119566037755, 0.45395574648604964, 0.3512141549234442, 0.4403821498356096, 0.47782622029262106, 0.41228870116776734, 0.4812287192286826], "val_tf_dice": [0.0, 0.0, 0.2480507244315992, 0.09026167184969482, 0.41639731688489406, 0.3871548124082266, 0.48592006664984294, 0.43409199718771746, 0.5494031339239518, 0.549915456513556, 0.5139423785269468, 0.5791442509622908, 0.5852652222385832, 0.6212423042420654, 0.5802108348009827, 0.4982537919928827, 0.5766845533638563, 0.6079825901883564, 0.562505946260469, 0.6104461012679879], "loss": [0.4230576581507921, 0.24262487497180701, 0.26283661313354967, 0.21130223080515861, 0.18852412588894368, 0.19754147283732892, 0.1834360434859991, 0.18174768500030042, 0.1696872841566801, 0.17437495190650223, 0.18497224688529967, 0.1716497423313558, 0.15698348913341761, 0.15234109971672297, 0.14891803421080113, 0.15919615967199208, 0.15701292777433992, 0.1510357467457652, 0.13492646787315607, 0.1403956849500537], "acc": [0.9039702606201172, 0.9040182495117187, 0.9043184661865235, 0.9035197448730469, 0.9058538055419922, 0.9075798797607422, 0.9082070922851563, 0.9124116516113281, 0.9138455963134766, 0.9158079528808594, 0.9164286804199219, 0.9172702026367188, 0.9240604400634765, 0.9241098022460937, 0.9317943572998046, 0.9283427429199219, 0.9249977874755859, 0.932144775390625, 0.9383894348144531, 0.931242446899414], "tf_jaccard": [1.3307330357347613e-05, 0.0008628381762709647, 0.024697359887917002, 0.1422992109783007, 0.04547419323885416, 0.17896568994626566, 0.23757101714485565, 0.2747964989066519, 0.25643439454959127, 0.3300985519137416, 0.33108958290181334, 0.324783875191186, 0.36740368151058767, 0.4043307265704336, 0.4238911880411852, 0.4319348800443641, 0.3663044981527917, 0.44395738344898644, 0.4683958565222657, 0.4544475509454093], "tf_dice": [2.660711711914366e-05, 0.0017111582188366512, 0.045867504072966775, 0.22589754875905907, 0.08002267731462774, 0.2816145152498802, 0.3631681507281667, 0.4061847094854323, 0.3918767626462387, 0.47490402218377314, 0.47314021542623086, 0.4676913531146095, 0.5117712480428248, 0.5493838519413278, 0.5736299141775778, 0.578269735082152, 0.5154562256923991, 0.591115643082505, 0.610402725305977, 0.6047974447810242]}