{"val_loss": [0.17312762066721915, 0.3364762246608734, 0.2831579208374023, 0.21051041334867476, 0.17226694375276566, 0.18200506269931793, 0.1578451819717884, 0.1597933664917946, 0.16000890582799912, 0.15363476052880287, 0.13993116691708565, 0.15859330072999, 0.15086860880255698, 0.1499876894056797, 0.1354912430047989, 0.14851631075143815, 0.1417061872780323, 0.13396391794085502, 0.14892520308494567, 0.13685736805200577], "val_acc": [0.9281101226806641, 0.9280136108398438, 0.9280136108398438, 0.9280136108398438, 0.9280136108398438, 0.9280208587646485, 0.9346511840820313, 0.9384010314941407, 0.9405059814453125, 0.9390167236328125, 0.9379688262939453, 0.9338123321533203, 0.9400154113769531, 0.9386951446533203, 0.9448673248291015, 0.9382877349853516, 0.94395751953125, 0.94368896484375, 0.9438465118408204, 0.9450531005859375], "val_tf_jaccard": [0.0005895380515631725, 0.0, 0.0, 0.0, 0.0, 5.114445487507908e-05, 0.07069730149486307, 0.1441950399666235, 0.22139005109208024, 0.26160170904365476, 0.09101444169266334, 0.061384410462879235, 0.21082104039547533, 0.25180244373342037, 0.22036420554991523, 0.09666646374629584, 0.227791294424777, 0.1737817740244197, 0.24813418921710362, 0.25624913611305683], "val_tf_dice": [0.0011759384472519534, 0.0, 0.0, 0.0, 0.0, 0.00010224718705304616, 0.12755811115237015, 0.24317394235944684, 0.3422894421151721, 0.38401186398230436, 0.15875570692694801, 0.11192113523214645, 0.33066025835739277, 0.3749969182991116, 0.34020426628914413, 0.16905626049014105, 0.3486037489127176, 0.2811969385001104, 0.37044175870334906, 0.3783277903820129], "loss": [0.45994782730937006, 0.3822921803593636, 0.3152038249373436, 0.2837572994828224, 0.27596075370907786, 0.2522254347801208, 0.22456113167107106, 0.22555661238729954, 0.2081513038277626, 0.20423645362257958, 0.19379560321569442, 0.22676970072090627, 0.21852962389588357, 0.20945933930575847, 0.19777349025011062, 0.19594126902520656, 0.19531685903668403, 0.1929826822131872, 0.19694818638265132, 0.19652492593973875], "acc": [0.8929859161376953, 0.9023842620849609, 0.9040102386474609, 0.9040102386474609, 0.9040103149414063, 0.903753662109375, 0.906988525390625, 0.9067075347900391, 0.9092640686035156, 0.9137199401855469, 0.91711669921875, 0.9046485137939453, 0.9088442993164062, 0.9136769104003907, 0.915599594116211, 0.9098348236083984, 0.9183956909179688, 0.9172763061523438, 0.915315170288086, 0.9147918701171875], "tf_jaccard": [0.0021977543909110146, 0.0055614016309421845, 0.0, 0.0, 1.4630321076322052e-06, 0.0047309345290383045, 0.038874270949192685, 0.10638307591007619, 0.14222161115364687, 0.172519985632701, 0.19464094064453166, 0.12930550084566916, 0.08766375903729617, 0.17553657774954062, 0.19310614803463577, 0.2357214672277512, 0.1736559621822057, 0.2107295607443651, 0.19858340642883643, 0.20582077072549407], "tf_dice": [0.004046925669860377, 0.010497631656609305, 0.0, 0.0, 2.925957126524016e-06, 0.009174645392304857, 0.069553722563988, 0.17453836777864676, 0.22443189571372327, 0.26582554972034417, 0.28473993169580825, 0.19866344141428166, 0.1497591670553188, 0.2703492019754471, 0.2923319681161171, 0.35054512333146254, 0.2628985713631882, 0.3090961732440137, 0.30258735724078806, 0.30530845200848067]}